Title,Company,Location,Tag,Posted
Maxgen Technologies Private Limited,,,,
upGrad,,,,
Adobe,,,,
Maxgen Technologies Private Limited,,,,
PepsiCo,,,,
Maxgen Technologies Private Limited,,,,
Maxgen Technologies Private Limited,,,,
Maxgen Technologies Private Limited,,,,
Maxgen Technologies Private Limited,,,,
FACE Prep,,,,
Gainwell Technologies,,,,
CoreInsightsAI,,,,
Acme Services,,,,
ZS,,,,
HRA Groups IT Services,,,,
Itvedant Education Pvt. Ltd.,,,,
Unified Mentor Private Limited,,,,
Cadbury,,,,
KPMG India,,,,
Maxgen Technologies Private Limited,,,,
Maxgen Technologies Private Limited,,,,
FACE Prep,,,,
ICON Strategic Solutions,,,,
EarnIn,,,,
FACE Prep,,,,
JPMorganChase,,,,
Driffle,,,,
Bristlecone,,,,
KPMG India,,,,
upGrad,,,,
Intuitive Apps India Private Limited,,,,
Maxgen Technologies Private Limited,,,,
Maxgen Technologies Private Limited,,,,
Right Human Skills And Resources Private Limited,,,,
Maxgen Technologies Private Limited,,,,
Maxgen Technologies Private Limited,,,,
Maxgen Technologies Private Limited,,,,
Maxgen Technologies Private Limited,,,,
Maxgen Technologies Private Limited,,,,
Maxgen Technologies Private Limited,,,,
Maxgen Technologies Private Limited,,,,
Maxgen Technologies Private Limited,,,,
Maxgen Technologies Private Limited,,,,
Maxgen Technologies Private Limited,,,,
Maxgen Technologies Private Limited,,,,
Maxgen Technologies Private Limited,,,,
Maxgen Technologies Private Limited,,,,
Maxgen Technologies Private Limited,,,,
Maxgen Technologies Private Limited,,,,
Maxgen Technologies Private Limited,,,,
Novartis India,,,,
"GUVI Geek Networks, IITM Research Park",,,,
"GUVI Geek Networks, IITM Research Park",,,,
Unified Mentor Private Limited,,,,
Unified Mentor Private Limited,,,,
dentsu,,,,
dentsu,,,,
Jet2 Travel Technologies Pvt Ltd.,,,,
dentsu,,,,
inGrade,,,,
Unified Mentor Private Limited,,,,
dentsu,,,,
dentsu,,,,
Innomatics Research Labs,,,,
NTT DATA North America,,,,
dentsu,,,,
inGrade,,,,
Pickl.AI,,,,
Birdeye,,,,
ICON Strategic Solutions,,,,
ICON Strategic Solutions,,,,
Jigya,,,,
Discover Dollar Inc,,,,
Cisco Meraki,,,,
Novartis India,,,,
Officebanao,,,,
"GUVI Geek Networks, IITM Research Park",,,,
dentsu,,,,
NTT DATA North America,,,,
NTT DATA North America,,,,
NTT DATA North America,,,,
NTT DATA North America,,,,
dentsu,,,,
dentsu,,,,
NTT DATA North America,,,,
NTT DATA North America,,,,
NTT DATA North America,,,,
MSD,,,,
NTT DATA North America,,,,
dentsu,,,,
NTT DATA North America,,,,
dentsu,,,,
FACE Prep,,,,
Bhrigu Academy of e-learning,,,,
NTT DATA North America,,,,
TechBulls SoftTech Pvt Ltd,,,,
Jet2 Travel Technologies Pvt Ltd.,,,,
GE Aerospace,,,,
WebBoost Solutions by UM,,,,
Theta Academy,,,,
